<?xml version="1.0" encoding="UTF-8"?>
<project-private xmlns="http://www.netbeans.org/ns/project-private/1">
    <editor-bookmarks xmlns="http://www.netbeans.org/ns/editor-bookmarks/2" lastBookmarkId="0"/>
    <open-files xmlns="http://www.netbeans.org/ns/projectui-open-files/2">
        <group>
            <file>file:/C:/Users/ACE/Documents/NetBeansProjects/Jio%20Recharge%20System/src/topup.java</file>
            <file>file:/C:/Users/ACE/Documents/NetBeansProjects/Jio%20Recharge%20System/src/jiorecharge.java</file>
            <file>file:/C:/Users/ACE/Documents/NetBeansProjects/Jio%20Recharge%20System/src/payment2.java</file>
        </group>
    </open-files>
</project-private>
